SERVICE_MONTH,MODE_TYPE,TOTAL_WEEKDAY_RIDERSHIP_COUNT,NUMBER_OF_WEEKDAYS,AVERAGE_WEEKDAY_RIDERSHIP_COUNT,ROUTE_OR_LINE
2016-01-01,BUS,7315652,19,385034.33,BUS
2016-01-01,BUS,703980,19,37051.57,SILVER LINE
2016-01-01,COMMUTER RAIL,2512841,19,132254.81,COMMUTER RAIL
2016-01-01,FERRY,59503,20,2975.15,F1-HINGHAM-BOSTON
2016-01-01,FERRY,16191,20,809.55,F2_F2H-Quincy-Boston-Logan-Hull-Georges
2016-01-01,FERRY,8172,20,408.6,F4-BOSTON-CHARLESTOWN
2016-01-01,RAIL,1157522,19,60922.2,BLUE LINE
2016-01-01,RAIL,3481843,19,183254.92,GREEN LINE
2016-01-01,RAIL,3911124,19,205848.63,ORANGE LINE
2016-01-01,RAIL,5105925,19,268732.91,RED LINE
2016-01-01,THE RIDE,118612,19,6242.74,THE RIDE
2016-02-01,BUS,7591652,20,379582.61,BUS
2016-02-01,BUS,711330,20,35566.48,SILVER LINE
2016-02-01,COMMUTER RAIL,2439946,20,121997.32,COMMUTER RAIL
2016-02-01,FERRY,58596,21,2790.29,F1-HINGHAM-BOSTON
2016-02-01,FERRY,16811,20,840.55,F2_F2H-Quincy-Boston-Logan-Hull-Georges
2016-02-01,FERRY,8539,20,426.95,F4-BOSTON-CHARLESTOWN
2016-02-01,RAIL,1231532,20,61576.58,BLUE LINE
2016-02-01,RAIL,3910136,20,195506.79,GREEN LINE
2016-02-01,RAIL,4163166,20,208158.32,ORANGE LINE
2016-02-01,RAIL,5511236,20,275561.78,RED LINE
2016-02-01,THE RIDE,118126,20,5906.3,THE RIDE
2016-03-01,BUS,9075659,23,394593.88,BUS
2016-03-01,BUS,836491,23,36369.15,SILVER LINE
2016-03-01,COMMUTER RAIL,2923293,23,127099.68,COMMUTER RAIL
2016-03-01,FERRY,67941,23,2953.96,F1-HINGHAM-BOSTON
2016-03-01,FERRY,20169,23,876.91,F2_F2H-Quincy-Boston-Logan-Hull-Georges
2016-03-01,FERRY,13081,23,568.74,F4-BOSTON-CHARLESTOWN
2016-03-01,RAIL,1490428,23,64801.22,BLUE LINE
2016-03-01,RAIL,4611139,23,200484.3,GREEN LINE
2016-03-01,RAIL,4839890,23,210430.02,ORANGE LINE
2016-03-01,RAIL,6507357,23,282928.56,RED LINE
2016-03-01,THE RIDE,143317,23,6231.18,THE RIDE
2016-04-01,BUS,8138642,21,387554.36,BUS
2016-04-01,BUS,779277,21,37108.44,SILVER LINE
2016-04-01,COMMUTER RAIL,2557413,21,121781.56,COMMUTER RAIL
2016-04-01,FERRY,65615,21,3124.52,F1-HINGHAM-BOSTON
2016-04-01,FERRY,20486,21,975.52,F2_F2H-Quincy-Boston-Logan-Hull-Georges
2016-04-01,FERRY,16274,21,774.95,F4-BOSTON-CHARLESTOWN
2016-04-01,RAIL,1424600,21,67838.1,BLUE LINE
2016-04-01,RAIL,4458641,21,212316.26,GREEN LINE
2016-04-01,RAIL,4411254,21,210059.72,ORANGE LINE
2016-04-01,RAIL,6013745,21,286368.82,RED LINE
2016-04-01,THE RIDE,130615,21,6219.77,THE RIDE
2016-05-01,BUS,8285336,21,394539.82,BUS
2016-05-01,BUS,762907,21,36328.93,SILVER LINE
2016-05-01,COMMUTER RAIL,2499449,21,119021.37,COMMUTER RAIL
2016-05-01,FERRY,69197,21,3295.1,F1-HINGHAM-BOSTON
2016-05-01,FERRY,21414,21,1019.71,F2_F2H-Quincy-Boston-Logan-Hull-Georges
2016-05-01,FERRY,20506,21,976.48,F4-BOSTON-CHARLESTOWN
2016-05-01,RAIL,1452505,21,69166.88,BLUE LINE
2016-05-01,RAIL,4199087,21,199956.52,GREEN LINE
2016-05-01,RAIL,4321291,21,205775.76,ORANGE LINE
2016-05-01,RAIL,6001526,21,285786.94,RED LINE
2016-05-01,THE RIDE,133114,21,6338.75,THE RIDE
2016-06-01,BUS,8177110,22,371686.83,BUS
2016-06-01,BUS,799189,22,36326.78,SILVER LINE
2016-06-01,COMMUTER RAIL,2949987,22,134090.32,COMMUTER RAIL
2016-06-01,FERRY,81229,22,3692.23,F1-HINGHAM-BOSTON
2016-06-01,FERRY,29310,22,1332.27,F2_F2H-Quincy-Boston-Logan-Hull-Georges
2016-06-01,FERRY,31345,22,1424.77,F4-BOSTON-CHARLESTOWN
2016-06-01,RAIL,1588211,22,72191.42,BLUE LINE
2016-06-01,RAIL,4426490,22,201204.09,GREEN LINE
2016-06-01,RAIL,4505974,22,204816.99,ORANGE LINE
2016-06-01,RAIL,6379019,22,289955.4,RED LINE
2016-06-01,THE RIDE,166340,22,7560.92,THE RIDE
2016-07-01,BUS,7027409,20,351370.44,BUS
2016-07-01,BUS,750608,20,37530.38,SILVER LINE
2016-07-01,COMMUTER RAIL,2599103,20,129955.15,COMMUTER RAIL
2016-07-01,FERRY,74280,20,3714,F1-HINGHAM-BOSTON
2016-07-01,FERRY,32939,20,1646.95,F2_F2H-Quincy-Boston-Logan-Hull-Georges
2016-07-01,FERRY,35464,20,1773.2,F4-BOSTON-CHARLESTOWN
2016-07-01,RAIL,1439363,20,71968.16,BLUE LINE
2016-07-01,RAIL,3942480,20,197124.02,GREEN LINE
2016-07-01,RAIL,3906487,20,195324.37,ORANGE LINE
2016-07-01,RAIL,5627644,20,281382.2,RED LINE
2016-07-01,THE RIDE,136282,20,6814.1,THE RIDE
2016-08-01,BUS,7884879,23,342820.83,BUS
2016-08-01,BUS,838270,23,36446.52,SILVER LINE
2016-08-01,COMMUTER RAIL,2858501,23,124282.65,COMMUTER RAIL
2016-08-01,FERRY,84757,23,3685.09,F1-HINGHAM-BOSTON
2016-08-01,FERRY,39028,23,1696.87,F2_F2H-Quincy-Boston-Logan-Hull-Georges
2016-08-01,FERRY,35787,23,1555.96,F4-BOSTON-CHARLESTOWN
2016-08-01,RAIL,1599541,23,69545.27,BLUE LINE
2016-08-01,RAIL,4229335,23,183884.12,GREEN LINE
2016-08-01,RAIL,4335012,23,188478.76,ORANGE LINE
2016-08-01,RAIL,6162958,23,267954.71,RED LINE
2016-08-01,THE RIDE,156522,23,6805.3,THE RIDE
2016-09-01,BUS,8065754,21,384083.53,BUS
2016-09-01,BUS,768046,21,36573.63,SILVER LINE
2016-09-01,COMMUTER RAIL,2662603,21,126790.62,COMMUTER RAIL
2016-09-01,FERRY,71201,22,3236.41,F1-HINGHAM-BOSTON
2016-09-01,FERRY,25186,22,1144.82,F2_F2H-Quincy-Boston-Logan-Hull-Georges
2016-09-01,FERRY,23333,22,1060.59,F4-BOSTON-CHARLESTOWN
2016-09-01,RAIL,1488671,21,70889.09,BLUE LINE
2016-09-01,RAIL,4286404,21,204114.49,GREEN LINE
2016-09-01,RAIL,4402131,21,209625.27,ORANGE LINE
2016-09-01,RAIL,6047718,21,287986.58,RED LINE
2016-09-01,THE RIDE,150322,21,7158.19,THE RIDE
2016-10-01,BUS,7913609,21,376838.55,BUS
2016-10-01,BUS,766494,21,36499.71,SILVER LINE
2016-10-01,COMMUTER RAIL,2625567,21,125027,COMMUTER RAIL
2016-10-01,FERRY,69678,21,3318,F1-HINGHAM-BOSTON
2016-10-01,FERRY,22053,21,1050.14,F2_F2H-Quincy-Boston-Logan-Hull-Georges
2016-10-01,FERRY,22379,21,1065.67,F4-BOSTON-CHARLESTOWN
2016-10-01,RAIL,1457281,21,69394.35,BLUE LINE
2016-10-01,RAIL,4249159,21,202340.89,GREEN LINE
2016-10-01,RAIL,4355302,21,207395.31,ORANGE LINE
2016-10-01,RAIL,6009258,21,286155.15,RED LINE
2016-10-01,THE RIDE,150326,21,7158.38,THE RIDE
2016-11-01,BUS,7721145,21,367673.57,BUS
2016-11-01,BUS,718312,21,34205.32,SILVER LINE
2016-11-01,COMMUTER RAIL,2594262,21,123536.29,COMMUTER RAIL
2016-11-01,FERRY,66818,21,3181.81,F1-HINGHAM-BOSTON
2016-11-01,FERRY,20214,21,962.57,F2_F2H-Quincy-Boston-Logan-Hull-Georges
2016-11-01,FERRY,13222,21,629.62,F4-BOSTON-CHARLESTOWN
2016-11-01,RAIL,1392037,21,66287.47,BLUE LINE
2016-11-01,RAIL,4044370,21,192589.03,GREEN LINE
2016-11-01,RAIL,4225842,21,201230.58,ORANGE LINE
2016-11-01,RAIL,5748288,21,273727.99,RED LINE
2016-11-01,THE RIDE,147798,21,7038,THE RIDE
